sector,subsector,url_subsector
Informática y telecomunicaciones,Administración de bases de datos,https://formacion.infojobs.net/estudiar-para-trabajar-administracion-bases-datos-s-74.htm
Informática y telecomunicaciones,Análisis,https://formacion.infojobs.net/estudiar-para-trabajar-analisis-s-75.htm
Informática y telecomunicaciones,Arquitectura,https://formacion.infojobs.net/estudiar-para-trabajar-arquitectura-s-76.htm
Informática y telecomunicaciones,Calidad,https://formacion.infojobs.net/estudiar-para-trabajar-calidad-s-77.htm
Informática y telecomunicaciones,"ERP, CRM, Business Intelligence",https://formacion.infojobs.net/estudiar-para-trabajar-erp-crm-business-intelligence-s-78.htm
Informática y telecomunicaciones,"Hardware, redes y seguridad",https://formacion.infojobs.net/estudiar-para-trabajar-hardware-redes-seguridad-s-80.htm
Informática y telecomunicaciones,Programación,https://formacion.infojobs.net/estudiar-para-trabajar-programacion-s-82.htm
Informática y telecomunicaciones,Sistemas,https://formacion.infojobs.net/estudiar-para-trabajar-sistemas-s-83.htm
Informática y telecomunicaciones,Telecomunicaciones,https://formacion.infojobs.net/estudiar-para-trabajar-telecomunicaciones-s-84.htm
Recursos humanos,Formación,https://formacion.infojobs.net/estudiar-para-trabajar-formacion-s-137.htm
Recursos humanos,Prevención de riesgos,https://formacion.infojobs.net/estudiar-para-trabajar-prevencion-riesgos-s-138.htm
Recursos humanos,Relaciones laborales,https://formacion.infojobs.net/estudiar-para-trabajar-relaciones-laborales-s-139.htm
Recursos humanos,Selección de personal,https://formacion.infojobs.net/estudiar-para-trabajar-seleccion-personal-s-140.htm
Administracio╠ün Pu╠üblica,Administración autonómica,https://formacion.infojobs.net/estudiar-para-trabajar-administracion-autonomica-s-33.htm
Administracio╠ün Pu╠üblica,Administración del Estado,https://formacion.infojobs.net/estudiar-para-trabajar-administracion-del-estado-s-34.htm
Administracio╠ün Pu╠üblica,Administración local,https://formacion.infojobs.net/estudiar-para-trabajar-administracion-local-s-35.htm
Administracio╠ün Pu╠üblica,Administraciones europeas,https://formacion.infojobs.net/estudiar-para-trabajar-administraciones-europeas-s-36.htm
Administracio╠ün Pu╠üblica,Cuerpos de seguridad,https://formacion.infojobs.net/estudiar-para-trabajar-cuerpos-seguridad-s-37.htm
Administracio╠ün Pu╠üblica,Empresas públicas,https://formacion.infojobs.net/estudiar-para-trabajar-empresas-publicas-s-38.htm
Marketing y comunicación ,Comunicación corporativa,https://formacion.infojobs.net/estudiar-para-trabajar-comunicacion-corporativa-s-110.htm
Marketing y comunicación ,Desarrollo de marca y producto,https://formacion.infojobs.net/estudiar-para-trabajar-desarrollo-marca-producto-s-111.htm
Marketing y comunicación ,Investigación de mercados,https://formacion.infojobs.net/estudiar-para-trabajar-investigacion-mercados-s-112.htm
Marketing y comunicación ,Marketing,https://formacion.infojobs.net/estudiar-para-trabajar-marketing-s-113.htm
Marketing y comunicación ,Periodismo y edición,https://formacion.infojobs.net/estudiar-para-trabajar-periodismo-edicion-s-114.htm
Marketing y comunicación ,Producción,https://formacion.infojobs.net/estudiar-para-trabajar-produccion-s-115.htm
Marketing y comunicación ,Publicidad,https://formacion.infojobs.net/estudiar-para-trabajar-publicidad-s-116.htm
Marketing y comunicación ,RRPP y eventos,https://formacion.infojobs.net/estudiar-para-trabajar-rrpp-eventos-s-117.htm
Marketing y comunicación ,Técnicas audiovisuales,https://formacion.infojobs.net/estudiar-para-trabajar-tecnicas-audiovisuales-s-118.htm
Diseño y artes gráficas,Creación audiovisual,https://formacion.infojobs.net/estudiar-para-trabajar-creacion-audiovisual-s-57.htm
Diseño y artes gráficas,Diseño gráfico,https://formacion.infojobs.net/estudiar-para-trabajar-diseno-grafico-s-58.htm
Diseño y artes gráficas,Diseño industrial,https://formacion.infojobs.net/estudiar-para-trabajar-diseno-industrial-s-59.htm
Diseño y artes gráficas,Diseño web,https://formacion.infojobs.net/estudiar-para-trabajar-diseno-web-s-60.htm
Diseño y artes gráficas,Editorial e imprenta,https://formacion.infojobs.net/estudiar-para-trabajar-editorial-e-imprenta-s-61.htm
Diseño y artes gráficas,Moda y confección,https://formacion.infojobs.net/estudiar-para-trabajar-moda-confeccion-s-62.htm
Comercial y ventas,Agente comercial,https://formacion.infojobs.net/estudiar-para-trabajar-agente-comercial-s-49.htm
Comercial y ventas,Comercial,https://formacion.infojobs.net/estudiar-para-trabajar-comercial-s-50.htm
Comercial y ventas,Comercio exterior,https://formacion.infojobs.net/estudiar-para-trabajar-comercio-exterior-s-51.htm
Comercial y ventas,Gran cuenta,https://formacion.infojobs.net/estudiar-para-trabajar-gran-cuenta-s-52.htm
"Profesiones,artes y oficios",Agricultura y jardinería,https://formacion.infojobs.net/estudiar-para-trabajar-agricultura-jardineria-s-120.htm
"Profesiones,artes y oficios",Artes interpretativas,https://formacion.infojobs.net/estudiar-para-trabajar-artes-interpretativas-s-121.htm
"Profesiones,artes y oficios",Artes plásticas,https://formacion.infojobs.net/estudiar-para-trabajar-artes-plasticas-s-122.htm
"Profesiones,artes y oficios",Artesanía,https://formacion.infojobs.net/estudiar-para-trabajar-artesania-s-123.htm
"Profesiones,artes y oficios",Automoción,https://formacion.infojobs.net/estudiar-para-trabajar-automocion-s-124.htm
"Profesiones,artes y oficios",Carpintería,https://formacion.infojobs.net/estudiar-para-trabajar-carpinteria-s-125.htm
"Profesiones,artes y oficios",Confección,https://formacion.infojobs.net/estudiar-para-trabajar-confeccion-s-126.htm
"Profesiones,artes y oficios",Consumo y alimentación,https://formacion.infojobs.net/estudiar-para-trabajar-consumo-alimentacion-s-127.htm
"Profesiones,artes y oficios",Electricidad,https://formacion.infojobs.net/estudiar-para-trabajar-electricidad-s-128.htm
"Profesiones,artes y oficios",Estética y cosmética,https://formacion.infojobs.net/estudiar-para-trabajar-estetica-cosmetica-s-129.htm
"Profesiones,artes y oficios",Fontanería,https://formacion.infojobs.net/estudiar-para-trabajar-fontaneria-s-130.htm
"Profesiones,artes y oficios",Fotografía,https://formacion.infojobs.net/estudiar-para-trabajar-fotografia-s-131.htm
"Profesiones,artes y oficios",Seguridad y vigilancia,https://formacion.infojobs.net/estudiar-para-trabajar-seguridad-vigilancia-s-134.htm
"Profesiones,artes y oficios",Traducción e interpretación,https://formacion.infojobs.net/estudiar-para-trabajar-traduccion-e-interpretacion-s-135.htm
"Profesiones,artes y oficios",Transporte,https://formacion.infojobs.net/estudiar-para-trabajar-transporte-s-136.htm
Finanzas y banca,Banca empresarial,https://formacion.infojobs.net/estudiar-para-trabajar-banca-empresarial-s-69.htm
Finanzas y banca,Banca privada,https://formacion.infojobs.net/estudiar-para-trabajar-banca-privada-s-70.htm
Finanzas y banca,"Bolsa, valores e inversión",https://formacion.infojobs.net/estudiar-para-trabajar-bolsa-valores-e-inversion-s-71.htm
Finanzas y banca,Productos y servicios bancarios,https://formacion.infojobs.net/estudiar-para-trabajar-productos-servicios-bancarios-s-72.htm
Finanzas y banca,Seguros,https://formacion.infojobs.net/estudiar-para-trabajar-seguros-s-73.htm
Sanidad y salud,Enfermería,https://formacion.infojobs.net/estudiar-para-trabajar-enfermeria-s-141.htm
Sanidad y salud,Farmacia,https://formacion.infojobs.net/estudiar-para-trabajar-farmacia-s-142.htm
Sanidad y salud,Medicina especializada,https://formacion.infojobs.net/estudiar-para-trabajar-medicina-especializada-s-143.htm
Sanidad y salud,Medicina general,https://formacion.infojobs.net/estudiar-para-trabajar-medicina-general-s-144.htm
Sanidad y salud,Medicinas alternativas,https://formacion.infojobs.net/estudiar-para-trabajar-medicinas-alternativas-s-145.htm
Sanidad y salud,Odontología,https://formacion.infojobs.net/estudiar-para-trabajar-odontologia-s-146.htm
Sanidad y salud,Otras profesiones sanitarias,https://formacion.infojobs.net/estudiar-para-trabajar-otras-profesiones-sanitarias-s-147.htm
Sanidad y salud,Psicología,https://formacion.infojobs.net/estudiar-para-trabajar-psicologia-s-148.htm
Sanidad y salud,Veterinaria,https://formacion.infojobs.net/estudiar-para-trabajar-veterinaria-s-149.htm
Inmobiliario y construccio╠ün,Administración inmobiliaria,https://formacion.infojobs.net/estudiar-para-trabajar-administracion-inmobiliaria-s-98.htm
Inmobiliario y construccio╠ün,Arquitectura y proyección,https://formacion.infojobs.net/estudiar-para-trabajar-arquitectura-proyeccion-s-99.htm
Inmobiliario y construccio╠ün,Dirección y gestión de obras,https://formacion.infojobs.net/estudiar-para-trabajar-direccion-gestion-obras-s-100.htm
Inmobiliario y construccio╠ün,Ingeniería civil y obras públicas,https://formacion.infojobs.net/estudiar-para-trabajar-ingenieria-civil-obras-publicas-s-101.htm
Inmobiliario y construccio╠ün,Ingeniería de materiales,https://formacion.infojobs.net/estudiar-para-trabajar-ingenieria-materiales-s-102.htm
Inmobiliario y construccio╠ün,Interiorismo,https://formacion.infojobs.net/estudiar-para-trabajar-interiorismo-s-103.htm
Inmobiliario y construccio╠ün,Oficios de la construcción,https://formacion.infojobs.net/estudiar-para-trabajar-oficios-construccion-s-104.htm
Turismo y restauración,Hostelería,https://formacion.infojobs.net/estudiar-para-trabajar-hosteleria-s-156.htm
Turismo y restauración,Restauración,https://formacion.infojobs.net/estudiar-para-trabajar-restauracion-s-157.htm
Turismo y restauración,Turismo,https://formacion.infojobs.net/estudiar-para-trabajar-turismo-s-158.htm
Sector Farmacéutico,Investigación clínica y asuntos médicos,https://formacion.infojobs.net/estudiar-para-trabajar-investigacion-clinica-asuntos-medicos-s-154.htm
Educación y formación,Educación social,https://formacion.infojobs.net/estudiar-para-trabajar-educacion-social-s-64.htm
Educación y formación,Enseñanza,https://formacion.infojobs.net/estudiar-para-trabajar-ensenanza-s-65.htm
Educación y formación,Gestión de centros educativos,https://formacion.infojobs.net/estudiar-para-trabajar-gestion-centros-educativos-s-66.htm
Educación y formación,Pedagogía,https://formacion.infojobs.net/estudiar-para-trabajar-pedagogia-s-67.htm
Educación y formación,Puericultura,https://formacion.infojobs.net/estudiar-para-trabajar-puericultura-s-68.htm
Ingenieros y te╠ücnicos,Aeronáutico,https://formacion.infojobs.net/estudiar-para-trabajar-aeronautico-s-85.htm
Ingenieros y te╠ücnicos,Agrónomo y montes,https://formacion.infojobs.net/estudiar-para-trabajar-agronomo-montes-s-86.htm
Ingenieros y te╠ücnicos,Electrónica,https://formacion.infojobs.net/estudiar-para-trabajar-electronica-s-87.htm
Ingenieros y te╠ücnicos,Electrónica y automática industrial,https://formacion.infojobs.net/estudiar-para-trabajar-electronica-automatica-industrial-s-88.htm
Ingenieros y te╠ücnicos,Energias Renovables,https://formacion.infojobs.net/estudiar-para-trabajar-energias-renovables-s-89.htm
Ingenieros y te╠ücnicos,"Geología, geodesia y cartografía",https://formacion.infojobs.net/estudiar-para-trabajar-geologia-geodesia-cartografia-s-90.htm
Ingenieros y te╠ücnicos,Industrial,https://formacion.infojobs.net/estudiar-para-trabajar-industrial-s-91.htm
Ingenieros y te╠ücnicos,Naval y oceánico,https://formacion.infojobs.net/estudiar-para-trabajar-naval-oceanico-s-93.htm
Ingenieros y te╠ücnicos,Organización industrial,https://formacion.infojobs.net/estudiar-para-trabajar-organizacion-industrial-s-94.htm
Ingenieros y te╠ücnicos,Otras ingenierías,https://formacion.infojobs.net/estudiar-para-trabajar-otras-ingenierias-s-95.htm
Ingenieros y te╠ücnicos,Químico,https://formacion.infojobs.net/estudiar-para-trabajar-quimico-s-96.htm
"Compras, logi╠üstica y almace╠ün",Almacén,https://formacion.infojobs.net/estudiar-para-trabajar-almacen-s-54.htm
"Compras, logi╠üstica y almace╠ün",Compras y aprovisionamiento,https://formacion.infojobs.net/estudiar-para-trabajar-compras-aprovisionamiento-s-55.htm
"Compras, logi╠üstica y almace╠ün",Distribución y logística,https://formacion.infojobs.net/estudiar-para-trabajar-distribucion-logistica-s-56.htm
Legal,"Derecho civil, penal y constitucional",https://formacion.infojobs.net/estudiar-para-trabajar-derecho-civil-penal-constitucional-s-105.htm
Legal,Derecho internacional,https://formacion.infojobs.net/estudiar-para-trabajar-derecho-internacional-s-106.htm
Legal,Derecho procesal,https://formacion.infojobs.net/estudiar-para-trabajar-derecho-procesal-s-107.htm
Legal,Derecho y empresa,https://formacion.infojobs.net/estudiar-para-trabajar-derecho-empresa-s-108.htm
Legal,Notaría y registros,https://formacion.infojobs.net/estudiar-para-trabajar-notaria-registros-s-109.htm
"Calidad, produccio╠ün e I+D",Certificación de calidad,https://formacion.infojobs.net/estudiar-para-trabajar-certificacion-calidad-s-41.htm
"Calidad, produccio╠ün e I+D",Gestión de la calidad,https://formacion.infojobs.net/estudiar-para-trabajar-gestion-calidad-s-42.htm
"Calidad, produccio╠ün e I+D",Gestión de proyectos,https://formacion.infojobs.net/estudiar-para-trabajar-gestion-proyectos-s-43.htm
"Calidad, produccio╠ün e I+D",Investigación y desarrollo,https://formacion.infojobs.net/estudiar-para-trabajar-investigacion-desarrollo-s-44.htm
"Calidad, produccio╠ün e I+D",Medio ambiente,https://formacion.infojobs.net/estudiar-para-trabajar-medio-ambiente-s-46.htm
"Calidad, produccio╠ün e I+D",Metrología,https://formacion.infojobs.net/estudiar-para-trabajar-metrologia-s-47.htm
"Calidad, produccio╠ün e I+D",Operaciones,https://formacion.infojobs.net/estudiar-para-trabajar-operaciones-s-48.htm
Administracio╠ün de empresas,Administración,https://formacion.infojobs.net/estudiar-para-trabajar-administracion-s-22.htm
Administracio╠ün de empresas,Auditoría,https://formacion.infojobs.net/estudiar-para-trabajar-auditoria-s-23.htm
Administracio╠ün de empresas,Consultoría,https://formacion.infojobs.net/estudiar-para-trabajar-consultoria-s-24.htm
Administracio╠ün de empresas,Dirección y gerencia,https://formacion.infojobs.net/estudiar-para-trabajar-direccion-gerencia-s-25.htm
Administracio╠ün de empresas,"Facturación, cobros y pagos",https://formacion.infojobs.net/estudiar-para-trabajar-facturacion-cobros-pagos-s-26.htm
Administracio╠ün de empresas,Finanzas y contabilidad,https://formacion.infojobs.net/estudiar-para-trabajar-finanzas-contabilidad-s-27.htm
Administracio╠ün de empresas,Negociación y contratación,https://formacion.infojobs.net/estudiar-para-trabajar-negociacion-contratacion-s-28.htm
Administracio╠ün de empresas,Operaciones societarias,https://formacion.infojobs.net/estudiar-para-trabajar-operaciones-societarias-s-29.htm
Administracio╠ün de empresas,Organización de la empresa,https://formacion.infojobs.net/estudiar-para-trabajar-organizacion-empresa-s-30.htm
Administracio╠ün de empresas,Recepción,https://formacion.infojobs.net/estudiar-para-trabajar-recepcion-s-31.htm
Administracio╠ün de empresas,Secretariado,https://formacion.infojobs.net/estudiar-para-trabajar-secretariado-s-32.htm
Atencio╠ün a clientes,Atención al cliente,https://formacion.infojobs.net/estudiar-para-trabajar-atencion-al-cliente-s-39.htm
Atencio╠ün a clientes,Promoción y ferias,https://formacion.infojobs.net/estudiar-para-trabajar-promocion-ferias-s-40.htm
